"","V1","V2"
"1",-0.416510759790673,0.850558840966223
"2",-0.751399678836089,1.0977057760055
"3",0.555665565839692,0.997768563324312
"4",0.763071327379572,-0.935956394168467
"5",0.854519374828779,0.731464230012535
"6",0.64109544633309,0.76452049461031
"7",0.675526018379568,-0.767024257912652
"8",0.745736416172504,-1.23412981245962
"9",0.898588141421887,1.03943563710568
"10",0.863278660402636,-0.718136830807823
"11",0.995723629159201,0.613797010654871
"12",1.33448405024956,0.952196690137892
"13",0.47708617657812,0.457415097228189
"14",1.08132378693517,0.857061708575966
"15",0.588647610967961,0.680622084351571
"16",0.529711378092743,0.713837447646711
"17",-1.18123263391972,0.469339994980869
"18",0.654599655139177,0.73154944041737
"19",0.728812231589248,0.491064812671119
"20",-0.982638834320069,0.753748109882188
"21",0.808923251383776,-0.867673823922283
"22",0.501756111961739,0.738899162742214
"23",-0.939733113877389,0.468487498478325
"24",-0.50155822451824,1.28759481560604
"25",0.971820355567957,0.957084450631898
"26",0.5096747546414,-0.497617617383905
"27",0.69573748408934,0.946693883197552
"28",0.367339027160406,1.11969878035323
"29",1.02186431007309,-1.16470108299572
"30",-0.679872670164618,0.615210380875736
"31",1.05479242301937,0.835999883780392
"32",-0.58227587116831,1.51409932337896
"33",-0.801967041357865,0.95387521000766
"34",0.568790986064804,-0.545324212503318
"35",0.856916546449077,-0.982944934065287
"36",0.75139181424028,0.58915614926006
"37",0.68712259858927,-0.833443488992894
"38",0.810625681944663,-0.479884291412892
"39",0.903048405123153,0.963886216888114
"40",-0.59154830370324,0.635213140423375
"41",-0.925457983828817,0.787310558667429
"42",1.10483456266074,0.878561243803485
"43",0.701909227864807,-1.2506893378912
"44",-0.643119522597119,0.470936809286945
"45",1.04970567754466,0.881865815786001
"46",0.499513221130685,0.524562824441208
"47",0.785758865736137,0.60860972509998
"48",0.946575179899105,0.704771339277768
"49",0.597787020324202,1.0612832915354
"50",1.14379671658555,0.860563737633488
"51",0.866802417527201,-0.874402897657309
"52",0.834640415694588,0.862637088718338
"53",1.01801552541674,-1.09913462261571
"54",1.06069753641365,-0.590065537773099
"55",0.384490723335138,-0.889377713545646
"56",0.843134993034493,-0.803560430688178
"57",1.17936245347012,-1.08063842288891
"58",0.240327562440487,1.01654724784788
"59",0.698811118159519,-0.83300626288614
"60",0.981112411860521,-1.18410309101102
"61",0.962762606566843,0.935738150587113
"62",0.907651019543226,1.12974918092595
"63",1.26361683010917,-0.439990828825785
"64",0.955712108467754,-0.699802379247455
"65",0.98890698416291,1.17111206270034
"66",0.715095220198566,0.707586442110584
"67",0.276800588403273,0.704990957253469
"68",0.750418133780317,0.770879039597219
"69",-0.480613025833851,0.491688842209568
"70",0.963350855691333,0.938870575992222
"71",0.772443001668539,0.5753189114915
"72",-1.22873621796086,0.822902927075084
"73",1.01224692014668,0.742759442159685
"74",0.827073682220108,-0.890544927465934
"75",0.739548643258458,-0.713494602752082
"76",0.824939911839137,-0.825253104320066
"77",0.832907781296719,0.795030252191538
"78",0.82918776285481,0.6602250842476
"79",0.214346085351833,-1.16617978634853
"80",1.10111122477317,0.592795194355418
"81",-0.999793872382986,0.876038237226475
"82",0.658198220330625,0.991495199372357
"83",0.962616411735998,1.05590722933088
"84",0.643951705136238,-0.728570803613691
"85",0.715175908675664,0.874198322603129
"86",-1.0390904559922,0.470684372785871
"87",0.985247620804224,-0.977733199263307
"88",0.805642855554525,0.88982110661016
"89",1.18895770528467,0.682164650893532
"90",0.596671188049692,0.543020779940641
"91",0.793044150956495,-0.39352330584522
"92",0.927925398749489,0.731668467400865
"93",0.904984773536593,-0.521447982959301
"94",0.97519038679178,0.547660633827242
"95",0.691927953972857,0.933385770662246
"96",0.87183238083518,0.943526256898084
"97",1.15825076316867,-0.80622715836459
"98",0.825947779157827,0.664538928210446
"99",0.771850861836979,0.890649714597487
"100",0.774539813727493,0.908444123320592
"101",0.505949207626853,0.633766471482774
"102",0.610080173118683,-0.497427045464694
"103",0.796232904475489,0.88771063117491
"104",1.2538037217976,0.645373579014817
"105",-1.07947975962417,0.767657677156909
"106",0.624948091510175,0.296704903375897
"107",0.722488133429129,-0.497121126116634
"108",0.469347838506514,-1.18501314581189
"109",0.993434634528833,-0.848926201458911
"110",0.859540098752861,0.648668570560702
"111",-0.755196292405725,1.05570165873291
"112",1.16134044125218,0.525531066850439
"113",0.826888904456179,-1.07153972624562
"114",-0.401497557374516,0.670901297519036
"115",0.808350874589218,0.865306136709625
"116",1.08846995495776,-0.748122757712697
"117",0.713593770380981,-0.874982887096308
"118",0.687853435449413,-1.22167217285238
"119",0.860811948974334,0.958695478828501
"120",-0.719265068598158,1.02183157173644
"121",0.798977492527664,0.787391101312435
"122",-1.05557108535634,0.43009674006739
"123",0.662890978125307,-0.68810644667103
"124",-0.452461661044664,1.14046797055139
"125",0.591537764239241,-0.837336800877202
"126",0.38889596992061,-1.03277328930362
"127",0.897268453750416,-0.934331668344229
"128",0.6658803938747,0.983187524199922
"129",-0.219607731504414,0.45947127209224
"130",1.05283193235225,-1.0418554246154
"131",-0.842609237251038,0.421481495730576
"132",0.911366203725773,0.739059123861008
"133",0.750024134486313,-0.785291497761948
"134",0.916373678868166,0.914522072401854
"135",0.986764221112931,0.878377640395837
"136",-0.70178865282355,0.606279922368451
"137",0.491425433837652,0.391071291891173
"138",0.737951747934258,0.809603279841743
"139",-0.729737227593658,0.763497259292882
"140",0.712337626124933,0.846895225901686
"141",0.807930500643279,-0.541572260800335
"142",0.619380660049051,-0.746825182335272
"143",0.839164376350958,-0.590958478305189
"144",0.903905313715291,1.276717316265
"145",0.527000685299853,0.43149356267143
"146",1.00206962609737,0.862956648341771
"147",0.609377131596788,-0.423137586594159
"148",0.88759356275365,1.19916245776631
"149",0.619896099924363,-0.940925327017369
"150",0.685805237504519,-0.739357215398285
"151",-0.586367018801344,0.8526789573253
"152",-1.33128166407504,0.83002403846746
"153",0.600376178738612,0.659358127791099
"154",1.21420328787626,0.686280504537824
"155",1.06170032034425,-0.825233953808681
"156",-0.969444417921117,0.887239268252342
"157",-0.731863556079634,0.857350057897301
"158",0.926423676417893,-1.03754878479748
"159",0.928745864838333,0.834151840545931
"160",-0.755118692847732,0.508084990476264
"161",1.17022369718156,-0.523749060905395
"162",0.990697162762693,-0.670710224657986
"163",0.807773326610779,-0.614044964050632
"164",0.610731427818192,-0.611395947060765
"165",-1.01091413280156,0.642393901233193
"166",0.977242337930177,-0.37265583827403
"167",0.457150598305614,0.309814644215526
"168",1.0060760850841,1.07314371083867
"169",1.01162106966019,1.00307019263954
"170",-0.874783199893713,0.610120251621706
"171",0.913813198360135,1.00839743247944
"172",0.84994062205292,-1.158816095127
"173",1.14060997972574,0.874491322678937
"174",0.66569833520079,-0.7840436015122
"175",-0.724140949939654,1.02875322275915
"176",0.789967011754912,0.402133950801425
"177",0.895755821959589,-0.480834504117205
"178",0.788395049658594,1.01137343854803
"179",0.798386944318605,-0.835974336657526
"180",0.861986075884118,0.858803648241414
"181",0.777581295202294,1.00928951936476
"182",0.407663017783494,0.583284341710428
"183",-0.579675011838264,0.540962167880465
"184",-0.50201586659232,1.1241133366065
"185",0.583640309139671,0.609460547465402
"186",0.823908714086152,0.964874346805787
"187",0.94690644226104,0.739424648295989
"188",1.00623107779397,0.628721830100089
"189",0.882371977523081,-0.904099412795947
"190",1.24634934981028,0.742274968999449
"191",1.11776286186093,0.634869684517004
"192",-0.869128617135065,0.679478731067109
"193",0.661691811767967,-0.714604258652224
"194",0.704519222320771,0.748670925837956
"195",1.20248321792728,-0.925373544804372
"196",0.926455843268793,1.39475769750577
"197",0.817339581828874,-0.646968252197788
"198",1.05884247850819,0.840104150994407
"199",0.680336453801214,0.864918310831987
"200",0.593873919798528,0.465326067295536
"201",1.0090545622498,-0.570101839311096
"202",0.663445889039677,1.05873952081227
"203",0.341139476789567,-1.047452947041
"204",0.546817455473764,0.647975073332146
"205",-0.940755996159299,0.605812186568697
"206",-0.933978114807311,0.888373787492217
"207",0.761307440158402,0.512379362859076
"208",-1.06741978146014,0.445562071624418
"209",1.04646024971503,-1.0725528567493
"210",-0.548943707113586,0.671020453990341
"211",0.854326830510823,0.896494103604399
"212",0.608480630106079,0.989858860477795
"213",0.40685851233242,0.564776641633115
"214",0.819502616188556,-0.765625110627601
"215",-0.930070486973203,1.23380420557796
"216",1.31995414977515,0.944760565313244
"217",0.849775810108157,-1.08972002981442
"218",-0.811869467682978,1.06803476212349
"219",1.00692093284621,0.411662748508872
"220",0.521361390099308,-0.659512148430587
"221",0.46095032447672,0.705397323214825
"222",0.831112451680698,-1.00781612463215
"223",1.36836434007628,0.557009850839041
"224",0.742839740145974,-1.11359375494981
"225",0.376789737102209,-0.523761529187518
"226",0.0918760352281823,0.889804513703245
"227",0.341505264707302,-1.00357895326463
"228",0.757653183163679,0.902790696478041
"229",0.844775772513787,0.623997110485454
"230",-0.931347030689414,0.649879706931803
"231",0.850136824122071,-0.827824304508081
"232",0.746983683767942,-0.623009147271201
"233",-1.00723148837061,0.869557970515559
"234",1.36314962472129,0.973640103840922
"235",0.865501844472064,0.817263728571027
"236",0.770105671403702,-0.948068340521042
"237",-0.885206335996924,0.617873339750792
"238",0.991085929015142,-0.50028896176809
"239",-0.703068006260326,0.458890190069041
"240",-0.406503461284603,0.978609588159349
"241",0.827734381683462,-0.846582228078911
"242",1.03870603368175,-1.02335750956871
"243",0.829103876719983,-0.385179796243898
"244",-1.29130161775718,0.648107027154835
"245",-0.694763375400041,0.7809161751772
"246",-0.869208887443508,0.881261640142702
"247",0.56343938009307,0.774053987949663
"248",0.856321709082131,-0.492195673355447
"249",0.737669169275999,0.666202985976664
"250",1.00552836676298,-0.45541428921048
"251",0.756972621791353,0.633126393864375
"252",0.81410766863214,-0.920264378204931
"253",1.00139176466561,-0.511501960709884
"254",-0.670106820775185,0.483696964917917
"255",-0.223550997950336,0.578282413671725
"256",0.840453501269733,-0.660293726434126
"257",0.81677541772388,-0.975056164789804
"258",0.702275070501497,-0.475646983260537
"259",-0.971825604442741,0.903107923029142
"260",0.241574748418679,0.885851167974798
"261",0.643713273382793,0.571606346162187
"262",0.677682969712642,0.772636973470308
"263",1.33947567639068,0.756439858416736
"264",0.570386870488591,0.87243460187631
"265",0.847888971669642,0.510684026183591
"266",0.485499675891312,0.601570850488437
"267",0.585379889883002,1.04567964366683
"268",0.95228422423771,0.900716278284414
"269",0.993160748941811,0.644905845249644
"270",0.602689085016475,-0.549026265788065
"271",0.919619208770245,0.689904531094016
"272",-0.92633006684497,0.442889049852737
"273",0.899712924088127,0.901050393981212
"274",1.02721693540586,0.750986400398121
"275",0.631902506196079,0.933026330658061
"276",-0.736998580602981,0.755132172944627
"277",1.22005483574825,-0.919301090930199
"278",0.819133315503624,0.435759946466252
"279",-0.79252953015956,0.914500342238221
"280",-0.981223918002758,0.653729743484294
"281",0.868302420184207,-0.777345620661456
"282",0.963021476529389,0.626110965404027
"283",0.271527962828388,-0.82657439832731
"284",-0.950622879496897,0.870810773062088
"285",-0.981974556187666,0.744179395065066
"286",1.21404360191325,0.806823316085737
"287",-0.344005089339249,0.795801386904645
"288",0.924225576260354,-0.601287161187589
"289",-0.12928401884903,0.644354474765894
"290",0.793044758786754,-0.563827314858062
"291",-1.11880407222369,1.20578380056379
"292",0.526863298805571,0.901959902637691
"293",0.870001284855711,0.704220405719089
"294",0.606377637899376,0.680895510267217
"295",0.78703579125094,0.895111572299493
"296",0.656652327035623,0.917022158696936
"297",0.714373394320377,1.00656259725097
"298",0.983919496198799,-0.774417746169505
"299",0.760168307867832,-0.819713936805156
"300",0.685881713431302,-0.641293110260399
"301",0.721532536137465,-1.04019368040703
"302",0.965999304472391,-0.729450259012761
"303",-0.926792191520147,0.169744334443788
"304",0.706523887793087,-0.922932469437478
"305",0.821142598749263,0.859623433781921
"306",-0.712076179121113,0.75390052128319
"307",1.02474120846406,0.690616423418562
"308",0.931168328435209,0.582702400020579
"309",0.719128520652398,0.716499011984122
"310",0.848103778634952,-0.844378031103758
"311",0.726147028924832,-0.96965562158081
"312",0.985464774525721,-0.656218082643957
"313",0.700600939250828,0.872344946568657
"314",0.699228047447645,-0.565610524421884
"315",0.626347149537972,-0.557052170119775
"316",0.793436739284604,0.584084630766535
"317",0.986838706965477,-0.919725124174584
"318",-0.901771393772101,0.608369093881094
"319",0.782279551453908,0.596752865080337
"320",0.820430058830821,-0.700113649628452
"321",0.865232363600542,-0.599001046776748
"322",1.05391715642516,0.737530168193496
"323",1.00044894860277,-0.748147929010639
"324",-0.571622471887389,1.20209483410618
"325",-0.810676877119579,0.385794849692303
"326",0.969682714336792,0.72041800248231
"327",0.946437426544551,0.751151104971803
"328",0.700860546858321,0.56963633191798
"329",0.878448786170052,0.562638549981527
"330",-0.799573167307355,0.744381954974253
"331",0.765238159001908,0.717690157629445
"332",1.01416669898311,-0.813640020148831
"333",0.666152222878266,0.852683446068424
"334",1.26342830864807,0.640556085583301
"335",0.759478419611637,-0.43518464610001
"336",1.06696151526198,-0.533510628559034
"337",1.13404568426296,0.802184076870945
"338",0.852957939196084,-0.932678089857671
"339",0.728256682682296,-0.479107402561419
"340",1.41216438348015,-0.67187349537691
"341",1.01977124455699,0.903819201278938
"342",1.04796425141966,-0.945832117497861
"343",0.536285892293058,0.67278513630857
"344",0.943498796943949,1.04827409122634
"345",0.721080847151589,-0.815479468451313
"346",0.845551373852383,-0.815404450219861
"347",-0.587916425378899,0.764662731138527
"348",0.817905009764689,0.685515538234291
"349",0.923930351354666,0.543164282770919
"350",0.880454808693252,0.636015708803206
"351",1.00450646318807,0.816413943204025
"352",0.458129924729577,0.878295499193593
"353",0.819064115284122,0.883578665344089
"354",-0.645921690324721,0.510051403030927
"355",0.485290563836333,-0.946776673395008
"356",0.726470410469265,0.902898290458271
"357",0.986203219260262,-0.653951737373412
"358",0.706430606306291,0.537603953999467
"359",0.545830750255392,-1.12553905881499
"360",0.737421041632452,-0.28940362193068
"361",0.87618710556628,0.8714852181052
"362",0.616759578550362,0.483014472941235
"363",0.960552188588251,0.869022094879983
"364",-0.470287913964614,0.685725471444768
"365",0.924209499090344,-0.476436772425975
"366",-0.482205016294547,0.743176805814881
"367",0.390087441378547,0.604433137088042
"368",0.0266538591130681,-0.418333142054772
"369",-0.622615518568394,0.651831290453454
"370",1.0671426390329,-0.765454565009172
"371",0.693908765975995,-0.523478944774284
"372",-0.640264317511826,0.967058469030478
"373",0.746790640440865,0.63718701177006
"374",-0.620013215037358,0.951022863944922
"375",0.759286800759921,0.551246616951719
"376",-0.844724770132732,0.687462320006012
"377",1.06618688282518,-0.65114192694438
"378",-0.743594848867368,0.799239407136804
"379",0.725484419612977,-0.563160275472697
"380",-1.08562386763454,0.98697168670761
"381",-0.998615156266341,0.985841698928422
"382",1.16127375748205,-0.787112031465288
"383",0.721330245831467,1.06152818211217
"384",0.858849990887467,0.844880446994682
"385",1.18366930179003,-0.76863386517643
"386",0.763680872024891,0.624932804118123
"387",-0.628923122794947,0.927670801562457
"388",-0.645574633605813,0.679279436960208
"389",0.522138682224722,-1.07678555320047
"390",0.792987103742563,0.423496897712572
"391",0.908770906395081,-0.751321628262847
"392",1.08359852895637,0.719912864933043
"393",0.620514984598427,-0.791458718512853
"394",0.94081045621177,0.770932784938096
"395",0.737005294241143,0.628368464139669
"396",0.748909481277152,0.530265336987932
"397",0.654128877913262,1.01138046125568
"398",0.492969261958954,0.732125784758725
"399",-0.650199088545418,0.859850483486225
"400",1.00588554424147,0.803784582261358
"401",0.549786820103862,0.832386447013007
"402",0.895902779315252,0.792365308116136
"403",0.309125861958021,-1.03571200586724
"404",0.53749737260383,-0.777313816882551
"405",0.67925799040146,0.725430530745047
"406",1.08526566358911,-1.09289375896507
"407",-1.23780985465133,0.419747272489362
"408",1.02353878369752,0.800044039426874
"409",0.724790343227731,0.96574024545331
"410",0.824155751133647,0.594035697725034
"411",1.01681639804607,-0.56801395514465
"412",0.662389245545998,-0.639182482727806
"413",0.622162211934828,0.77438479837786
"414",0.90046061690949,0.626327807505813
"415",0.682847213062071,0.954808351897148
"416",0.994255537355444,-0.849630847026491
"417",-0.637895308207693,0.774280021285917
"418",1.01638835713217,1.07144275094411
"419",-1.0107912748864,0.732764363497688
"420",-0.544777625560002,0.479323870445133
"421",0.636917594368188,0.717185805503034
"422",0.881061035612087,0.876044645536754
"423",-0.634829739933129,0.864975005773502
"424",1.07214548184548,1.08220348895935
"425",0.714516655603496,-0.489114806590505
"426",1.2280591986858,0.900427565034886
"427",-1.12662772137843,0.643404807557248
"428",0.409757862091477,0.780458235705835
"429",0.947916756021011,-0.715727890300323
"430",0.95887813735578,-0.80690876027121
"431",0.702406994281199,0.982175787859827
"432",0.647113096566918,0.860834748240251
"433",-0.889972298692149,0.684681022615052
"434",0.77410524515812,-0.682136540852977
"435",0.869190186102425,1.01045983692383
"436",0.603802846317248,0.591816620862223
"437",0.870592528871362,1.03295164650296
"438",0.283916772184364,-0.73907869527727
"439",0.812833019836158,0.486670031098098
"440",0.485220045168342,-0.602548807232043
"441",0.483696599791162,-0.47080745172271
"442",1.30422924105766,-0.259240387276816
"443",-0.857621849774983,0.727210621676567
"444",1.0433432907285,-0.798364315181115
"445",0.698711630866197,-0.395688779765851
"446",-0.854486469729751,0.792178451901402
"447",0.729146931068372,0.716223814100276
"448",0.95792283284598,0.750952098254287
"449",0.311372215104878,-0.905074264510359
"450",0.904499407820269,0.925889986745016
"451",0.83662660356094,0.678090756722593
"452",0.122361136582598,0.742545039343478
"453",0.682688877739362,0.649683985302467
"454",-0.946083229042369,0.890615460808381
"455",0.837712457706188,0.711110887404431
"456",0.922602750514414,0.792389848640291
"457",0.805521966045048,-0.895737422838537
"458",1.13326029771429,-0.766709975366884
"459",0.682855634470025,0.863812792365832
"460",-0.823977032380515,0.871222439960039
"461",0.694599300987639,1.27843617564375
"462",0.170226809842215,0.537307143207525
"463",1.06405063868846,-0.959340415407466
"464",0.951730582083375,1.19533187112553
"465",0.64682057768784,0.826760649135375
"466",0.864511937217292,0.424745549059488
"467",0.354746513396374,-0.970905844467818
"468",0.403083363837066,0.758837928395252
"469",-0.911908290011799,0.883513586781054
"470",0.544428973098079,-0.695694121597952
"471",0.489518475915648,0.53379612092276
"472",1.27960265800498,0.356471494031887
"473",0.90055281903819,0.816182758823145
"474",1.28703362848526,1.1892229490175
"475",-0.253262590600828,0.613210038252809
"476",0.395768799964378,0.746261823723129
"477",0.96631238893057,0.48207618889019
"478",0.821371125572253,-1.06930322171103
"479",-0.313644445335596,0.882831308185506
"480",0.799726013830038,-1.13638304353009
"481",-1.06109576715018,1.05388093040166
"482",0.544970017085542,-0.693757829414301
"483",0.969917027069326,0.741196588298693
"484",0.75936864342548,0.683357131043021
"485",0.869202761433548,0.752280370811486
"486",1.1935127463617,-1.17900181459637
"487",0.997999977900748,0.707869198328733
"488",0.906457683309095,0.686176134829724
"489",0.965166972151735,0.488754942060317
"490",0.825737295337889,-0.797510004131954
"491",1.29219024929103,0.718573948014181
"492",-0.955380500952819,0.807423598047206
"493",1.01790733929557,-0.970864983971926
"494",0.584761518795076,-0.683452229349323
"495",1.05866245212427,-0.735861583964472
"496",-0.871783711501532,0.719455541710296
"497",0.480668883445961,-0.734227305019599
"498",0.963861325958947,0.744226671119355
"499",0.759520805891873,0.63992673175816
"500",0.798206333235934,0.846108616974465
"501",0.65803239040759,-0.988717176565386
"502",0.727997286519151,1.26396166106611
"503",0.264144272807717,0.905252206327721
"504",1.14640119643542,0.836284677798517
"505",0.900587994904462,0.531560819750854
"506",-1.44520373457465,0.959855948524986
"507",0.841242232205642,-0.83298483506473
"508",0.760787279602911,0.383479576845524
"509",0.787820920524922,1.16766385773395
"510",0.210903649256125,-0.846029570571597
"511",-0.88682541654973,0.755883928059026
"512",0.877412816793224,0.536084613084822
"513",0.477439977981283,1.13578315084379
"514",0.444072205340638,1.04707950132784
"515",1.35205033605256,-0.75999922572356
"516",0.760974784264891,0.980137303446247
"517",0.563617650212583,-0.760319445614243
"518",0.84549907685146,0.948960241360801
"519",1.04070220972743,-0.792241689446986
"520",0.639710595558009,0.921608362703962
"521",-1.1788978078096,0.803478600372841
"522",0.947246934772683,-0.877864791622023
"523",1.15542338219416,0.59670049769441
"524",0.883177718553885,-0.74051621041061
"525",0.459220666674526,0.721732661027574
"526",0.98430345592326,-0.91116520851683
"527",-1.41317162250637,0.703764928379412
"528",0.51950558962439,-0.851389921527156
"529",-0.567561007003323,1.0700141564175
"530",0.849245149678991,0.455342236405275
"531",0.612093534386515,1.04960412508303
"532",1.21881420263749,0.853027399370154
"533",1.3026900209763,1.09152988198114
"534",0.841267411328342,0.651084568338852
"535",1.08277703684231,0.301280563562618
"536",0.441276054239745,0.553791389590654
"537",1.19880881961676,0.750491959180215
"538",-0.482881331592259,0.740222364474989
"539",0.410870100456568,0.734263327831978
"540",0.406546078872736,0.811879123328521
"541",0.879423905370708,-0.811850688477293
"542",0.856342411926486,-0.857673385224281
"543",0.773496382019271,-0.744810416399443
"544",1.01549196206561,-0.925882733333808
"545",0.769326296692645,0.774133368816937
"546",0.966653928623038,-0.860561317656955
"547",0.986066003431224,1.07914001207652
"548",-0.798793335200771,0.993593028817801
"549",0.529183151601816,0.478386650812545
"550",1.11588747262489,0.462905573177767
"551",0.729602741303188,0.767128765943706
"552",0.760968180737798,-0.585520451728173
"553",0.659718529905592,0.6906458587098
"554",1.18027652398301,-1.1112521310532
"555",0.609070986374248,0.486298022378239
"556",0.335848618845766,1.18963668165681
"557",0.510140225936675,0.49638003941814
"558",0.970856902881154,0.602684180871792
"559",0.708155024754387,-0.817931905880566
"560",0.855262900565073,1.12042768096003
"561",0.851722207143403,-0.8439730797414
"562",0.532145342722737,0.682810912286676
"563",0.607971259758886,-0.921075673910487
"564",-0.415635116818382,1.12162911706596
"565",0.86819571436474,-0.635336388885957
"566",0.766705377364842,0.935879402317279
"567",1.06564874314237,-1.18171236456089
"568",-0.941966968883144,1.15606394486175
"569",1.10629351889004,-0.972594652197041
"570",0.981016059201425,0.581947898052542
"571",-0.881194498724348,0.8940506835752
"572",-0.880309298836735,1.05698414147453
"573",-0.440368396166464,0.925131783105598
"574",0.670597247588732,0.750207937639285
"575",1.01232640892615,-0.940708070801412
"576",0.993698015138222,0.26280628057275
"577",0.986526690402489,-0.982680831175775
"578",1.03954936261198,1.03694251330517
"579",-0.719933513427009,1.02304584346735
"580",0.501347924648731,0.699659879406625
"581",1.11327857709893,0.713101622690607
"582",0.576953843736796,-0.246815431878812
"583",-0.250420970974213,0.656593232502437
"584",0.655675120693643,-0.774023490245922
"585",1.18364294876563,0.922236695608452
"586",0.702055700317626,0.702357566722861
"587",0.836504743900096,0.896470153165561
"588",0.721646633702448,-0.962092740708185
"589",0.741419786874507,0.670186454900642
"590",-1.47333765087205,0.9551516628988
"591",0.61432634596847,0.657077830639264
"592",0.512546680838385,-1.15885977316083
"593",1.28441630178547,0.65898885581273
"594",1.29998948982549,0.745501150085202
"595",0.750638622874648,-0.695662298415132
"596",-0.699475373652223,1.18534874999753
"597",0.711331724236916,0.921678013288347
"598",0.44323223871986,-0.876095783356554
"599",1.00757609654727,0.506801664208909
"600",0.638186457069369,-1.02744187329466
"601",0.86260958457855,-0.760316978646553
"602",0.721390152250115,1.26602886744771
"603",-0.692943517847934,0.840761930633845
"604",-0.727491390613678,0.894596305301126
"605",0.552246730707817,-0.491201335363266
"606",0.766842443259987,1.13178714905726
"607",0.715372006310017,-0.815863977683347
"608",-0.581808349675728,0.987520109183215
"609",0.578393758736079,0.956365225866933
"610",0.857791094938864,0.999935102963262
"611",0.914469694833761,-0.846271749601404
"612",0.689981962624968,-0.922904611193725
"613",0.743717116453808,-0.678004537917804
"614",0.556247807082103,-0.913150171788116
"615",0.911408997625206,0.968541372436499
"616",1.0023461043794,0.977272113168929
"617",0.810708691280418,0.425998872077838
"618",0.715709439105139,0.893661717089401
"619",-0.783761081926689,0.814813107220581
"620",0.589771657927941,0.708100393168529
"621",1.48391284544434,0.860620043629664
"622",1.23581463310953,1.32868498123513
"623",0.287134245390876,1.19601381288743
"624",0.74243926110364,-0.936833362677086
"625",-0.760595733661398,0.78955502565613
"626",0.803082426015965,0.42493664001022
"627",0.966105674974406,0.710958932889552
"628",0.820934010688231,0.717089556978089
"629",1.01638658724021,-1.01009964821883
"630",0.522517530388158,0.927355277709656
"631",-0.565640881111997,0.770588328434389
"632",0.896765396212799,1.03062401339625
"633",0.669743879708824,-0.653674871622819
"634",1.1508096918643,0.592090989788995
"635",0.458876202396854,-0.775328448843817
"636",-0.979276942397802,0.721094554460307
"637",-0.867254708193885,0.522987467253845
"638",-0.598560921035701,0.684104523536536
"639",0.508707510896708,1.15697390262735
"640",-0.59700088984417,0.730506230694566
"641",0.784692869976551,0.770526734287857
"642",0.740246977509019,-0.927340793497971
"643",1.00263389413579,0.63300410838934
"644",0.416992126741195,0.765468368692455
"645",0.928107036888489,0.776758509030011
"646",0.878572224966282,0.722253331388056
"647",0.712526186551063,0.716960588177062
"648",0.615198987177161,-0.877385290818688
"649",0.247443037021962,0.878818408764345
"650",0.628802203582691,0.747474708550059
"651",0.691837982387278,0.829587575111163
"652",0.658116926383641,-1.15796041883981
"653",0.804641736518129,0.830464249959488
"654",0.748168366084015,-0.912561961574695
"655",0.666017864463817,0.786361397461856
"656",0.707190600404306,-1.26431420923045
"657",1.06165313190673,-0.961472341106402
"658",0.833423494070383,-1.08808236060824
"659",0.885711524028311,-1.21398064345609
"660",0.664711062783818,0.557860417279437
"661",0.887269421511641,0.80278894166479
"662",0.868120452685443,1.03523655505146
"663",-0.349950114328412,0.966355863359109
"664",-0.779635456810642,0.747943369300719
"665",0.589300776265153,0.746700827698318
"666",0.964694936106578,0.819924213852948
"667",1.00652131420311,-0.963197138299325
"668",1.01951714526977,0.790647250263657
"669",-1.02300669316076,1.17022462079783
"670",-0.692522820848077,1.10527102043249
"671",1.02965630681671,0.688309395457597
"672",0.816787618967442,0.697052901508065
"673",0.653121577563589,1.08132921276396
"674",0.996018930985465,0.748754386726727
"675",1.03072907858764,0.550533542373418
"676",0.560222956956542,0.909226596165569
"677",0.921244248157076,-0.705359792088618
"678",0.635555335237474,0.723777641472244
"679",0.574792771706167,-0.996386531790471
"680",0.416180379402365,0.871755083780818
"681",0.593631185223637,-0.786493298479327
"682",-1.102256829255,1.08735237774695
"683",-1.38418986910489,0.646567667538014
"684",0.549178269960028,0.975039405991343
"685",0.657730365096147,0.727679954980509
"686",1.00097214003398,0.895829832535837
"687",0.884595678953972,-0.815129807836614
"688",-1.10758686528173,0.703479778538609
"689",0.78680682152917,0.740476048028634
"690",-0.687770597158252,1.08455910662364
"691",0.911466428056148,0.870092178154331
"692",0.509170670529781,-0.606166833361702
"693",0.550930568896736,-0.594447922777957
"694",0.897793665305599,-0.478097048465342
"695",0.683480603448491,0.734202672827408
"696",-0.778398630271775,0.824039507195417
"697",0.884033983157314,-0.745459115750105
"698",0.789148314081139,1.11102324278035
"699",0.817762942393573,0.92726133017618
"700",0.555090164402566,0.688403984092241
"701",0.395460688062013,-1.07010278957686
"702",1.04684815811477,1.05156277120557
"703",1.03981628602774,0.99170667036471
"704",0.72336031756676,-0.56772683958516
"705",1.27995859300567,0.710580158119342
"706",0.952845374292453,0.322850802410351
"707",1.14574675338546,-0.712877533877875
"708",1.18756837911191,-1.04737125777234
"709",-0.788497384960816,0.991302365932011
"710",0.774404997172464,0.598673734756825
"711",-0.783343386378679,0.748323395385571
"712",-1.27287065098034,0.655468814879532
"713",0.719665222656468,1.18960744763227
"714",0.726286349131397,0.754640993885729
"715",-0.968819617022803,0.676468716054191
"716",0.973984342772994,1.04940306389114
"717",1.0008123147312,-0.898797684313019
"718",1.14818915911255,0.781864695371612
"719",0.953061470572576,-0.660736246756293
"720",0.625407055164449,-0.720922490395988
"721",1.16423923729163,-0.7570533520927
"722",-0.792203402444963,0.983347954468702
"723",1.21188463457076,-0.777826784197964
"724",0.573791968403527,0.865311742676147
"725",-0.55524653620963,0.908439977343104
"726",1.20607010150151,-0.831855944934153
"727",-0.521913043920452,0.663787930704037
"728",0.798097980413188,0.900425834278459
"729",1.06292541082227,0.744657411483494
"730",1.14658406870121,-1.01553954263916
"731",0.999811040773303,0.52642246918433
"732",1.0381916902962,0.569169044536617
"733",0.649382656391424,0.723210303003956
"734",0.986001976391251,1.01265046575259
"735",-1.01074145008041,1.07528655244519
"736",1.10936104484086,1.15685421612956
"737",0.870167897896617,-0.977245649065537
"738",0.631537159914515,-0.440235789534203
"739",1.34213048398485,0.751492709936027
"740",0.804075218866804,0.891513759500862
"741",0.468057166153391,0.94520651919597
"742",-1.04876608083673,0.48049111625663
"743",0.670670708396189,-1.0817741532925
"744",0.936339222748651,0.518722685576434
"745",1.14807130677822,-0.562957289833948
"746",-1.1267116871972,0.837411435942984
"747",-0.84928933263952,0.812565669681797
"748",0.800526327183278,0.88859466750172
"749",0.611005630588285,-0.511589051390689
"750",0.733199066562483,-1.19752773689762
"751",0.53057966624797,-1.15725157534832
"752",0.727292906036798,-0.774634890198362
"753",1.07355298744979,1.18327145168764
"754",0.921455661587673,0.132826573208203
"755",0.624844897753185,-0.475170903082876
"756",0.397627703706231,-0.738958885343979
"757",0.405351691882527,1.01164931493854
"758",0.27482568770082,1.09196821728427
"759",0.653423722140433,0.668961461844563
"760",0.631181011260156,-0.69930430753045
"761",0.967992151140455,0.932627532364909
"762",-0.859699136861595,0.803113258735505
"763",0.75114684675477,-0.968272509612854
"764",0.131594736090667,-0.319504619440164
"765",0.895493764409288,0.821116722157884
"766",1.16085780594217,0.732658449246689
"767",0.837011361289596,0.943596506298651
"768",0.727491040528184,0.859590402406005
"769",0.843142033447657,-0.714825814978348
"770",0.685812423421763,0.716832600957656
"771",-0.770319713900347,0.19111534520647
"772",1.0199829125151,0.574893099075117
"773",0.423144419915175,0.952761726331632
"774",-0.967716657362749,0.891359255963524
"775",1.18565221207935,-0.918350773808933
"776",0.726373690492422,0.961594022657348
"777",0.280195819386962,0.820777688767683
"778",1.11329902915649,-0.645473137816164
"779",0.532516130263287,-0.777655600677312
"780",1.21306427037154,0.393084640291629
"781",-0.698783821282514,1.13688644691836
"782",0.990042881131346,0.966693097627077
"783",-0.629965101632799,1.26988658382669
"784",-0.588125209986361,0.724900261054622
"785",0.703984405790577,-0.916023031407472
"786",0.942082171176359,0.780048543048059
"787",1.09939395870813,0.63001353485279
"788",0.676841257965468,-0.738158557589078
"789",1.07949368437027,0.660655561658934
"790",0.934409201662147,0.741967490619002
"791",0.679125479818303,-0.776220557548051
"792",0.901078738008088,0.762365193558438
"793",0.939848659689392,0.834392806105441
"794",0.753219286394592,-0.595718197843475
"795",0.828961471602038,-0.887480828179683
"796",-0.738040653988497,0.493979914798372
"797",0.779703908047492,0.890995234934279
"798",0.716372965039821,0.732091163339381
"799",0.880490535353802,0.613299600709173
"800",-0.82356619765014,0.51251992728815
"801",0.537709115670921,0.727940828914623
"802",0.889045652250662,-0.511413485549612
"803",0.529038055909309,0.791347180909771
"804",0.810460716593622,0.963551430561369
"805",-0.932752331734714,0.479681672910569
"806",-0.787971522062739,0.847442658287465
"807",0.681033217118453,0.614727031751327
"808",-0.754930124166244,1.03169617874199
"809",0.574092932275167,-0.901009312930419
"810",0.673302484508906,0.877316363320585
"811",1.07638720156445,0.605927972981279
"812",0.68882095409194,0.745782791753168
"813",0.685597108622976,-0.974821710911044
"814",-0.739359462952418,0.928192289888753
"815",0.821341030787934,0.525135570524131
"816",0.701911347426206,0.647170428732591
"817",0.713249281870224,0.715336046652848
"818",0.653634384328052,0.550010300012901
"819",1.01768044961375,0.812756522534356
"820",0.953750857603149,0.656039341074384
"821",0.870434507070343,0.860240467150712
"822",0.774368745515657,-1.13236569241588
"823",0.808882659445173,-0.764362475261427
"824",0.574662209867826,-0.812401146315291
"825",0.869981857001327,-0.618304371899717
"826",0.624752628969247,0.69708415028722
"827",0.209421285122168,0.898643263731399
"828",0.569096747474477,0.853681414533811
"829",0.798416686335218,0.469301504097672
"830",0.58415241574942,-0.878092688251929
"831",-0.955955113862736,0.589486445059666
"832",-0.979372307647233,0.964001286767078
"833",0.960477409002945,-1.30141862235499
"834",-0.429355949715245,0.66962928698197
"835",1.02426212820594,0.948579406619061
"836",1.23224367881728,0.792480646473333
"837",0.67763809449548,-0.743026932072832
"838",-0.939067953845798,1.03657457462295
"839",0.943517300458964,-0.75196687628739
"840",0.708549522643462,-1.24322737754829
"841",0.874000723086954,1.25303366238742
"842",0.860687619428604,-1.20329649175048
"843",1.08792379134622,0.781035795117154
"844",0.675236139168593,-1.06336447838262
"845",0.659650524324715,0.791775817372568
"846",0.864731575316596,0.996045479460146
"847",-0.88431820785375,1.0220506546285
"848",0.689071990405355,-0.818531609603722
"849",0.706680573150088,0.695790051573677
"850",0.693682711204914,-0.50249765038555
"851",-0.705206563415439,1.15220152180825
"852",0.707876556939758,-0.673290374909691
"853",1.40557314773411,1.161211786186
"854",0.882798050070625,0.600782907086512
"855",0.776369222022891,-1.34779677308249
"856",0.863220994913883,1.01146485696666
"857",1.36773493449989,-0.951446355322566
"858",0.925197743601431,-0.560509992354782
"859",0.994877282476431,-0.69187880590151
"860",0.855456192515137,1.0541468150308
"861",-0.678478240265613,0.792207716875482
"862",-0.917245142331879,0.894923663182351
"863",0.855095358112148,-1.15930843303349
"864",0.847543279946751,0.983013816344763
"865",1.1173748878403,0.684019858523844
"866",1.1919651884744,0.492698142671736
"867",0.990460150741692,-0.74242814362899
"868",0.518002634413741,0.759663446827054
"869",0.640251835510719,-0.632241560735928
"870",0.765189235058354,1.23877554254824
"871",0.705475940942825,-0.515470836613493
"872",0.898032192868366,0.380059107274784
"873",0.568715594015682,1.19699348567652
"874",1.03342508948535,0.613619372805528
"875",0.720210423808431,0.75139565581098
"876",1.14447890969132,-0.7710967415707
"877",0.686971771767558,-0.360436862025871
"878",0.762999108103764,1.04315190378661
"879",0.947537253419875,-1.11126112462931
"880",1.02066385279115,0.429998133792599
"881",1.06558946897752,-1.00427965971658
"882",0.688888688316223,-0.752620160278703
"883",-0.785364075956535,0.933825719496964
"884",0.792407384806797,-0.953122571781662
"885",0.622894650505022,-0.844199839649969
"886",1.01352358452853,-0.716131271795849
"887",1.18957393936193,0.863499498855174
"888",0.569435106835403,0.974007502703852
"889",0.814709495919671,0.47336439302723
"890",0.916770661115703,-0.908338528514922
"891",0.316723541530949,0.712481655326225
"892",0.959964255334045,-0.779878523516346
"893",0.72669078974867,0.66815584185688
"894",0.834726333400319,0.791655547195208
"895",0.917066368758866,-1.02832689813026
"896",-0.577741850828491,1.25209213439243
"897",0.593223938095774,-1.09613775116143
"898",0.780365340143201,0.899368316925401
"899",0.913064600706544,0.637223117178095
"900",0.987033866920531,-0.628340519253545
"901",1.01165299982957,-0.987176189553902
"902",0.870796681239526,0.490746297098208
"903",0.910248611473637,0.826068756906892
"904",0.576561862054389,0.343185627001254
"905",0.392583721347715,0.73676351500475
"906",0.527455235921207,0.774462734937659
"907",-0.882368384345132,1.13306500595631
"908",0.762440175034506,-0.855538972700655
"909",0.777887795563839,0.628722808450672
"910",0.512848135155779,0.779660305677506
"911",0.799052606411865,0.758073611214074
"912",0.579327956723852,-1.05737507152198
"913",0.611658631496135,0.950250016050433
"914",0.871948960159939,1.1200802405848
"915",0.557497826610788,0.782933674515338
"916",0.871862285614189,0.704181369088457
"917",1.04539039652585,0.534390913751428
"918",0.584144352556939,-0.910249422871136
"919",1.02221751374981,0.984024915851395
"920",0.849359368180421,-0.638434690211933
"921",0.669430957666534,0.653283916492349
"922",0.567897873976512,0.755577449748575
"923",0.869271551977958,0.881832854017564
"924",-0.717330929862921,0.747631055843291
"925",0.698430830726377,-0.682664017939219
"926",0.758689891775616,-0.68885526453502
"927",-0.574434433188754,0.994877222314793
"928",0.872319722183873,-0.827142105788079
"929",0.86852535192556,-0.884033014797795
"930",-0.416912834554108,0.684935232429257
"931",0.361349205320038,-0.880187453796689
"932",0.473310221879786,-0.859412998138796
"933",0.819469639090605,1.13246431137077
"934",1.15525730907697,0.397991978751674
"935",0.872359340231184,-0.696290454587217
"936",0.740632958623915,1.2288839382709
"937",0.558746446283273,0.81274709566192
"938",0.785930397090581,-0.94318665599244
"939",0.575461751457393,-0.718328337784103
"940",0.806173688577561,1.08679770332668
"941",0.80106801705323,0.668874185368901
"942",-0.878817018743074,0.765631167510674
"943",1.04343956720562,1.12187864691804
"944",-1.04162778688229,0.911812567046912
"945",0.960346537172584,0.954147574906709
"946",-0.970445401885223,1.02770210044916
"947",0.847421837737085,0.503396924912603
"948",0.605572956194735,0.530925014898419
"949",0.660478907776431,-0.76359092065533
"950",-0.686133785470625,0.602520866285986
"951",0.383754429006906,-0.442018024433492
"952",0.498512493765657,1.05147292198149
"953",0.698394540937889,1.37652475479881
"954",0.55977013970652,1.16073977683456
"955",0.719590416169499,-0.609097834436858
"956",0.956605201321989,-0.665236208378671
"957",0.95284232120189,0.564009687793703
"958",0.808637759994301,0.647924766891108
"959",0.999012970349377,0.654577854412418
"960",0.929729574225754,0.539578314127085
"961",-0.876953138170567,0.858997148548321
"962",0.616536365732039,-0.800369535242345
"963",0.556531707321632,-0.29146365774755
"964",-0.781820314041506,0.506831222184642
"965",0.700120877703749,-0.593495081799495
"966",0.833235134609938,-0.610979689805261
"967",0.737583308726585,-0.923893703014309
"968",-0.767455005117393,0.181399478347389
"969",-0.697547505281594,0.933772575863264
"970",0.863746643071445,1.028596889413
"971",-0.665201789527921,0.637387264094585
"972",0.834437174532332,0.844839901241073
"973",0.424284432855549,0.491667851424731
"974",0.849190899290341,-0.767169125476923
"975",0.993713247840582,0.804779999181834
"976",0.654002345565646,-1.08353169681791
"977",0.655198469859144,1.03348184094527
"978",1.39804325351965,0.434546866954834
"979",-0.747646472920452,1.07710199209847
"980",0.78633553488335,0.43116249780571
"981",0.666471477517407,-0.886156604326737
"982",0.911166171075716,0.833668969494148
"983",1.21326425018294,-0.637389828263383
"984",-0.819252598378764,0.813817282199359
"985",-0.883702278256137,0.898074131319755
"986",0.567879653352057,0.507586101599051
"987",-0.459758558903933,1.09558624465912
"988",0.740557651551649,-0.780548255904113
"989",0.602230932389016,0.761089297205088
"990",0.582879335743496,0.721285045662383
"991",0.612862143656748,0.740439577251007
"992",0.711840587447142,-0.138246814496237
"993",0.812608232505768,-1.08929187761311
"994",-0.604353809721061,0.820948259491581
"995",0.695468564316972,1.05223092404426
"996",0.652210329608853,0.939273716163512
"997",0.72237361415524,-1.10001771310595
"998",0.727009482730915,-0.857663106885764
"999",0.992303129042053,0.87686158723156
"1000",1.03333218463853,0.797346272284701
"1001",0.99932837918897,-0.347388176567534
"1002",0.750313088891137,-0.792007689519404
"1003",0.730178817652356,0.882294015496695
"1004",0.390606289784259,0.733299674416039
"1005",0.776724316415757,0.784514080725076
"1006",-0.725939063438535,0.817033326250632
"1007",0.859540752692129,0.854681730733973
"1008",1.14849752159189,-0.946172002798071
"1009",0.796311617875616,1.03024327860879
"1010",0.945601577780255,-1.09157046353235
"1011",-0.834418489141373,0.635641566185831
"1012",0.644891079216494,0.869073522213857
"1013",0.571132149450908,0.703531943848976
"1014",0.724233821730384,0.870039619359867
"1015",-1.29654268462104,0.763716759671294
"1016",-1.09732717273566,0.157387975906912
"1017",0.313782131931209,-0.787058425174648
"1018",0.773812309226793,0.679693466269269
"1019",1.04635558642737,0.749333328553503
"1020",-0.801612919963761,1.29453806076684
"1021",1.24357826474383,0.928526655052386
"1022",-0.858582018540735,0.947398266815523
"1023",0.610894944726129,-1.05090348597514
"1024",-0.878288162631199,0.904817219805979
"1025",-0.543177595214917,0.429912824970544
"1026",0.782519117126315,-0.380467879086981
"1027",0.799798010113702,1.13661606813864
"1028",0.981927895552897,0.655893597009298
"1029",0.941296677834939,1.2520829433312
"1030",0.984621792211661,-0.515539769196819
"1031",0.77604135442802,0.882351520634342
"1032",1.10192758426779,0.550758587878112
"1033",-0.986471510736954,0.831292681404839
"1034",-0.73242909829325,0.934852726544181
"1035",-0.876243080050028,0.665450438494537
"1036",1.2024823029192,-0.544740927253457
"1037",0.814900787014636,1.23880022328076
"1038",0.884424432573772,1.32617491801172
"1039",0.835635515204539,-0.862981924521848
"1040",-1.28397814628381,0.712365738085085
"1041",-0.784094463123795,0.94458640200768
"1042",0.907832842225194,0.631932684443131
"1043",0.97581605804338,-0.472873563854174
"1044",-1.05603487796889,1.04223802781105
"1045",0.82289288920336,-0.73354747347647
"1046",1.19620290265747,1.36374685404366
"1047",0.308602728321416,0.531191443793183
"1048",-0.722824351286659,0.903143974407828
"1049",0.763927577687959,0.898148477307898
"1050",0.796135181029704,-0.80063758908504
"1051",0.423279354309478,1.01451842083517
"1052",0.759501156045709,1.17537773478447
"1053",0.836289166728345,0.80993344606537
"1054",0.933552620578615,-0.784482461377245
"1055",0.728892744232739,0.479781406119639
"1056",0.531516246681253,0.443117900746072
"1057",1.04356735864597,-0.765484634412871
"1058",0.658013396687657,0.991512275824685
"1059",-0.74510050193149,0.675693591221519
"1060",1.0588755086123,0.85869599816691
"1061",0.863285493768416,0.796115272929869
"1062",1.05977116571829,1.02667627403349
"1063",0.844545508575152,0.855186530812471
"1064",0.799115946349881,0.659598036567528
"1065",0.465913872208268,0.891409923350393
"1066",0.742050102148538,0.83251635826061
"1067",0.944790866535369,-0.868072807091531
"1068",0.873272222445039,0.73114708120862
"1069",0.573077200554198,0.811705969807526
"1070",0.737058642525588,-1.10441427724673
"1071",0.774622858080207,-1.06135371383905
"1072",0.589088392099306,0.830856056568122
"1073",0.582591164946127,-1.01723267868283
"1074",0.630805777492842,1.0203225550046
"1075",0.987070495234727,0.520994194057684
"1076",0.88422819720204,-0.712780167411962
"1077",0.838274953410131,0.664191672683583
"1078",0.888287496316715,0.429140725478327
"1079",0.761257886100319,1.07196386326134
"1080",0.791693429616206,-0.726573421932505
"1081",0.783060139876928,0.699315166272542
"1082",1.45724132776095,-0.573799299830272
"1083",-0.741510429262268,1.2708000614264
"1084",0.474509872987608,0.830389278761649
"1085",0.718086570916532,1.05400696010347
"1086",-0.769546006179849,1.02533073786623
"1087",0.695370701310828,0.994359872701652
"1088",1.05357705093179,-0.620913633708866
"1089",0.883801217632858,0.712973802272742
"1090",0.908142996762829,-0.706429046721149
"1091",0.799564174146364,1.08456454924487
"1092",0.787353421263459,0.649971436274011
"1093",-0.809512699122625,0.740338439092949
"1094",0.9849937260654,-0.835897341343379
"1095",0.879047340943956,1.17090542420794
"1096",0.478141835668396,0.7930230454144
"1097",0.706579433317024,1.10335114365907
"1098",-0.715926963998493,0.289875109536626
"1099",-0.793027930351395,0.810720206907751
"1100",0.786935975468113,-0.837947054082336
"1101",0.511490126556093,-0.840113228461693
"1102",-0.648046654320514,0.796806976490431
"1103",0.842204538886246,-0.574330201199366
"1104",1.10334617477473,1.00549529420825
"1105",0.637063201419604,-1.2352511291238
"1106",1.01927737237381,0.886551591159835
"1107",0.60308524041679,0.598389954466558
"1108",0.782344054165356,-0.946456167761884
"1109",0.803889654919612,0.707529903982416
"1110",-1.02546140391975,0.983933170242942
"1111",0.905283023663138,1.02015668091138
"1112",0.466853996809748,0.875774888942043
"1113",0.811960510974875,0.519986024438913
"1114",-1.04326561505353,1.15130254254127
"1115",1.02018620061287,0.691993362634797
"1116",0.875241936622903,-0.712719615021458
"1117",-0.662297143902544,0.887777703240673
"1118",0.316262530287965,0.959372770102201
"1119",-0.746190745458289,1.18358470835042
"1120",1.15689108355199,-1.04053008706983
"1121",0.822907720861524,-0.480170389847632
"1122",-0.794069697525517,0.450655420796466
"1123",1.17965935990584,-0.756249980367024
"1124",-0.672963131918841,0.455114976736986
"1125",0.952088310817181,-0.694471532176366
"1126",1.06109490155073,0.948436472426187
"1127",0.794535251742685,0.454325843721586
"1128",0.335100984736147,-0.710258750552206
"1129",-0.557270076778972,0.563274296307897
"1130",0.710683188510391,0.96988581047424
"1131",0.94063194813971,0.933084201337914
"1132",0.326103108757009,-1.00845640812821
"1133",0.5854436858267,-0.463169362912765
"1134",-1.16076717530178,0.722912332541128
"1135",0.285439339265681,1.16747056440998
"1136",0.803442085819392,-0.646298889001792
"1137",1.29462170308759,-0.901032807710733
"1138",0.941222491324059,1.12860876784211
"1139",0.972891756580228,0.940411251671745
"1140",0.637248532653754,-0.873163510574194
"1141",1.06444514971355,0.463357382538952
"1142",1.09219840351352,0.743630060624715
"1143",-0.782194807689565,0.591672438691862
"1144",0.577856363751141,-0.806705796830941
"1145",0.744613140241425,0.820330639187446
"1146",-0.461787009766936,0.631500446415173
"1147",0.729873236619603,1.01529788082964
"1148",0.474741637971609,0.372353788609225
"1149",-0.65462189840447,0.881861608260903
"1150",0.677225691176007,0.552868406054774
"1151",1.00679431264406,1.00179407796462
"1152",0.717222933483317,-0.865369610629878
"1153",0.801876274876605,-1.03726159091754
"1154",0.684894853273812,0.712036782527383
"1155",0.96559513472591,0.69440664274807
"1156",0.972329462204949,1.00562846504039
"1157",-0.661392681484958,0.595134115838032
"1158",0.833839074562185,0.469961838336109
"1159",0.863140093337688,-0.945380699688293
"1160",-0.801627258521343,0.996246895675129
"1161",0.984357788108513,-0.891916941989676
"1162",0.83738163602887,-1.03579188731312
"1163",0.631290306559257,-0.571686713041321
"1164",0.716768912475461,0.769404119412715
"1165",0.809016203032709,0.812009505957181
"1166",0.472823452559876,0.665331696903601
"1167",0.958872727303473,0.957976496758188
"1168",1.15911355547587,0.736007992999872
"1169",1.18991404477619,-0.744781046111046
"1170",0.9023993273526,0.786060434863598
"1171",0.217941872665402,-1.01663853792986
"1172",0.773954048763148,1.12377926941582
"1173",-0.82208353160403,0.791786766756434
"1174",-0.638117514204566,0.635311057812353
"1175",0.709972834781401,-0.87362491775548
"1176",-0.755364641195049,0.866107362286415
"1177",-0.685905222917664,0.723568142304059
"1178",-0.574543856922865,0.409666080412801
"1179",0.814808122946917,-0.778185514490017
"1180",0.675152873656944,-0.991818908800944
"1181",-0.572854941016472,0.931203081936348
"1182",0.605721707264819,0.741725891454006
"1183",-0.999020596807381,0.994001456428885
"1184",1.13253185641256,0.736904806683577
"1185",0.701743003125663,1.04412400333048
"1186",0.96346169819479,-1.07428794560066
"1187",0.905710379329532,0.741192566363026
"1188",-0.995300911872253,0.585266427339309
"1189",1.07898810942286,-0.899312096333693
"1190",-0.639388516291264,0.843085266334058
"1191",-0.998106541780126,0.844634988148185
"1192",0.434781618245556,0.0531494646099968
"1193",-0.730112251038056,0.504018827734169
"1194",-0.833399279410263,0.892209567715506
"1195",1.04508381774203,-0.738455608921637
"1196",0.919450563829417,-1.09395186051933
"1197",0.88083541430595,-0.590394365334459
"1198",0.888717846235292,-0.941319119766657
"1199",0.883813652518556,0.860579728883982
"1200",0.698083951812245,-0.903349653859574
"1201",-0.988492739860039,0.950992140255755
"1202",0.467993402807358,0.548804746871932
"1203",0.442612799589123,0.763973145372404
"1204",0.854377050951951,-1.00021502160424
"1205",-0.75550157717221,0.857259893688434
"1206",0.793771517295966,0.505424898282791
"1207",1.03202690615944,-0.975277116365526
"1208",-0.89295574568941,1.23246204154701
"1209",0.816919961804316,-1.09079315644664
"1210",1.0237324937595,-0.749776675567999
"1211",0.574114744699065,0.97810575384665
"1212",0.84868235570921,1.10424521474943
"1213",0.423211687949211,-0.754831536812198
"1214",0.750695353404759,0.725401664284008
"1215",-1.09786577038812,0.848161510101656
"1216",0.836099743777088,-0.85054387961916
"1217",1.02275245497511,-1.01008792535508
"1218",0.63986823665061,-0.723675244451224
"1219",-0.810730169282286,0.543040265913034
"1220",-1.25546239674989,0.596477067917642
"1221",0.765002673137393,-0.628544486225542
"1222",0.932416903663949,-0.445331059527827
"1223",-0.707213553443612,0.60513010192683
"1224",-0.827992716046732,0.59166975630775
"1225",-0.976748113419079,0.958441127987517
"1226",-1.04488681555854,0.87454397382724
"1227",0.818312200832272,0.959941344830707
"1228",-0.55427079491619,0.357393170903802
"1229",1.03298155633393,0.976190227251957
"1230",0.325014950058146,1.03999679448605
"1231",0.667373428192427,-0.951017029960166
"1232",0.937748986089181,0.591939972484366
"1233",0.895775017772415,-0.647629975552222
"1234",-0.708652558860038,0.611748876445945
"1235",0.876291611530287,0.881215383466977
"1236",-0.714192551646945,0.748459624411878
"1237",0.832400781193438,0.874836675619312
"1238",-0.712808642165047,0.348204607720744
"1239",0.635460525131514,0.559771244398964
"1240",-0.616708165840617,1.00507055963218
"1241",0.525955142037567,0.639921162353132
"1242",-0.818813627275945,0.565696610778719
"1243",0.592339150300572,-0.859569700596683
"1244",0.934168717288626,-0.686941193254705
"1245",1.22833550940716,0.488990951216575
"1246",1.17283579933135,-0.540022475093457
"1247",0.748348349473787,1.07699582302681
"1248",0.731110509748043,-0.806248606416084
"1249",0.543350322712582,0.671319563680335
"1250",0.519149132601408,1.33421622917017
"1251",-1.08126963041856,0.925291139703514
"1252",-0.941383771718049,1.21341310184707
"1253",-0.887916026295825,0.832974122979198
"1254",0.5668668022365,-0.7697582050427
"1255",-0.623726503879257,0.514985729160484
"1256",0.602642696559008,0.571319032081377
"1257",0.655450650162957,0.695858418203335
"1258",0.755946912754249,0.825847714131669
"1259",0.743734123758591,0.866827813878279
"1260",0.878959409846942,-0.710622218309465
"1261",0.393529265917435,-0.810401819075648
"1262",-0.829922028024292,0.86016999607658
"1263",0.911278008639219,-0.693355972917796
"1264",-0.757681800990373,1.06362437402684
"1265",0.793890380448722,-0.748239781735687
"1266",0.902369735718979,1.14364547300379
"1267",1.07729546244564,0.725116154089592
"1268",1.27732948276935,-0.483030191228308
"1269",0.550172550010755,1.19969578912953
"1270",0.905913672953119,0.33950097805165
"1271",-0.520535620780254,1.21970645982464
"1272",0.279752395920301,-0.696669856401142
"1273",0.543215617005194,1.01939223121142
"1274",0.888024138364496,0.74875455087034
"1275",1.15513133763727,1.02509767170077
"1276",0.486944941910896,0.745962574745464
"1277",0.851620285017838,0.890853855187863
"1278",0.885350278007152,0.588516141681347
"1279",0.681815685420842,-0.468162981213115
"1280",0.683013372273907,1.02081885124848
"1281",-0.800572243856446,1.16315148361917
"1282",0.55292464035775,0.667315810023061
"1283",1.00989359103195,0.766260396407823
"1284",0.919982609020469,-0.694430960018628
"1285",0.752149632416615,-0.914244950207687
"1286",0.658301213445997,0.77674734388916
"1287",0.760935524178258,0.870506388765712
"1288",0.592824828082544,0.746542545426773
"1289",0.356577036137779,0.727775599200108
"1290",0.610089644186543,0.925384721075665
"1291",0.69931541426305,1.04748610953749
"1292",0.903397639306254,-0.721777564921191
"1293",0.623575613256529,0.866362543407608
"1294",0.77703030731088,0.837184306952849
"1295",0.516795233191472,-0.565594365146106
"1296",-0.833176652021351,0.575783331595816
"1297",-0.886151077146498,0.896469106561199
"1298",1.24357627416397,1.11912790522696
"1299",0.481586578673925,-1.00215184193993
"1300",0.820869676441965,1.34888863416218
"1301",-0.968092132799977,0.50861023342815
"1302",0.919368282223048,0.619888591732914
"1303",0.859938562890335,-0.875813506713329
"1304",0.470827454003194,0.879037997955707
"1305",0.553535872603984,0.671459041681799
"1306",1.22787000715325,0.820968264849613
"1307",1.08271947279574,-0.976673089729175
"1308",0.703036728230862,0.656118260419872
"1309",-1.300227930525,1.01028815277747
"1310",0.396357487597491,0.615032470679918
"1311",0.63912326447345,0.779268710270015
"1312",0.945816984686373,1.42533765818747
"1313",1.12963057364734,0.438427844528564
"1314",0.932404850295104,-1.36068204777884
"1315",-0.690491748452493,0.471132934032707
"1316",-0.793543708598033,0.709880845524201
"1317",0.773079137404529,0.775423372275386
"1318",1.05908694733733,0.493260684668565
"1319",0.89521064737439,-0.78934632349391
"1320",0.987238248679346,0.76960056599798
"1321",0.695136244210948,0.539532934088091
"1322",-0.910408428891622,0.692542859365528
"1323",0.830450364861676,0.952116870182705
"1324",0.543477341576869,0.992072387085102
"1325",0.775178325991409,-0.847688643934621
"1326",0.389455979850554,0.598262234072277
"1327",0.812716276686442,0.767312261484868
"1328",0.745705052728642,-0.866957378053907
"1329",0.489951774215848,0.856078104891652
"1330",0.839589529591295,0.686607106786874
"1331",0.669793122836302,0.969504927235452
"1332",0.981445831980643,-1.03373767599277
"1333",0.573490409002651,0.623946305643138
"1334",0.651529629821637,-0.532895995380436
"1335",0.876789013540814,-0.652651202910613
"1336",0.509805544224726,-0.90064420146725
"1337",-0.86648844877129,0.901136742998029
"1338",0.63516881522459,0.504735725791359
"1339",0.801236729531566,0.860671341892316
"1340",0.905117929385161,-0.783168437912819
"1341",-1.02775016826254,0.772388917514098
"1342",0.456769222713992,-1.05087397922604
"1343",0.985086797979231,-0.571503775329249
"1344",0.744808677904491,-1.04568164319373
"1345",0.874526567744592,-0.753953568311066
"1346",0.812965033716504,0.870945406108442
"1347",-0.900960395608518,0.978697951498824
"1348",0.563025092533263,-0.802070449532532
"1349",1.03426849648826,0.9882582771182
"1350",1.07525312647286,-0.784776330298758
"1351",0.994272546899617,0.987992329447797
"1352",-0.698408287344904,1.15406587753212
"1353",0.977790814093728,-0.463314361828906
"1354",1.17822923842503,0.90453589371539
"1355",0.241421227273981,-0.80224452296924
"1356",-1.09148160764452,0.823560379787617
"1357",0.349849283008487,0.783937047635738
"1358",0.699840154486161,0.790819543789345
"1359",0.944846511300497,1.30926869020373
"1360",0.692339401763448,0.104174921037832
"1361",0.65042985288167,-1.05938951010348
"1362",0.632831649565791,1.31519752761205
"1363",1.12268207390714,0.256959340904178
"1364",0.801453598068563,-1.02769184179589
"1365",1.19078817290481,0.807079365460269
"1366",-1.19719200008316,0.730325859680941
"1367",0.862851455237263,-0.690289735214328
"1368",-0.729821211841008,0.81423115302329
"1369",0.990287308287062,0.677542856367108
"1370",-0.561769614457769,0.69561853281128
"1371",0.712755091221031,-0.896507442418604
"1372",-0.543632708286406,1.12579532193962
"1373",0.720485110101176,-0.590900025026933
"1374",0.442839626725431,-0.95010964509471
"1375",1.01175279416136,0.974393598407778
"1376",0.866794502250887,-0.912959624975586
"1377",1.07678718189241,0.710195484177083
"1378",0.513186726310504,0.600457189850287
"1379",0.434620876440031,-0.599912419377184
"1380",0.388272344970466,0.995362303002297
"1381",-0.563715783968242,0.967166233961517
"1382",0.550609490179493,1.14738595249847
"1383",-0.636978248885412,1.13718941844749
"1384",0.551258722252588,-0.903924397620097
"1385",1.09760834141852,0.628634937945487
"1386",0.240696005954587,0.322630176240607
"1387",1.107016935179,1.02248072643913
"1388",0.992560717865069,0.516309160248326
"1389",1.0804388461395,-0.95938296686546
"1390",-0.820018477586066,0.753991147236087
"1391",0.637805481242728,-0.763310845406417
"1392",0.826758130602639,0.553654241760045
"1393",1.03808123668459,0.389460486619741
"1394",0.718036696223374,1.01291155477326
"1395",0.520941700348564,0.608692650432699
"1396",0.996112239214146,0.691625887807913
"1397",-0.634236792294854,0.764243884924877
"1398",0.797581714821097,-1.24414329509845
"1399",1.06297043307364,-0.42340218077037
"1400",0.572446623865548,0.410291035018422
"1401",0.819370343358049,0.933287306724896
"1402",-0.752676941104051,0.798785677392358
"1403",0.671842509195324,1.0138445627168
"1404",1.11474125374867,-0.636348978797808
"1405",1.01602700366804,0.947357496264126
"1406",0.799234768965576,0.414330143444178
"1407",0.670261468536566,0.5332890703046
"1408",0.43839933678256,1.04331360604569
"1409",1.19447977980065,0.869856268950337
"1410",0.673959674104043,1.17363060713178
"1411",-0.379940538831552,0.841377900010531
"1412",-0.592695754890638,0.754077486525564
"1413",1.05846998947356,-1.00715352154083
"1414",0.705253490686661,0.799136883574609
"1415",-0.664443454371359,0.876113643204955
"1416",0.506478127088561,-0.93240867571592
"1417",-0.818195324762267,1.05853415042481
"1418",0.876082776073125,0.638006886778522
"1419",1.27107747315257,0.710070240875134
"1420",0.859812983669751,1.0099482233485
"1421",-1.02015916622254,0.918070121723796
"1422",0.433931268420439,-1.03694809127015
"1423",0.443218661571393,-1.06507134561663
"1424",0.80059635908727,-0.938549195634254
"1425",0.947208392729363,0.913157349933114
"1426",1.08259897997041,1.05092428292481
"1427",0.333360325664162,-1.06369399904584
"1428",-0.808934693355003,0.63597005846933
"1429",0.830023080453716,-0.796715740364953
"1430",0.922543016977438,0.761499814661632
"1431",1.29784524110809,-0.962232109346359
"1432",0.807351633786908,-0.90897946307843
"1433",0.71292426561391,0.648309694842009
"1434",0.493626495885349,0.38727250211283
"1435",0.782594320092066,-0.641049950134457
"1436",0.836148993289426,-0.805726423615147
"1437",1.03090931391911,0.804841296275188
"1438",-1.31635790730346,1.01816187679691
"1439",-1.13937906016596,0.700438669976837
"1440",1.13034213523692,0.931857982046278
"1441",0.935716210841671,0.607413107473176
"1442",0.905487166088205,-0.738107739996688
"1443",0.78699737268229,0.883153618027648
"1444",0.480202225592368,1.3244208041689
"1445",0.769052676379637,0.85689708831475
"1446",0.673322094442093,0.496277865149852
"1447",0.602356428325153,0.733487152239811
"1448",1.09575378480037,-0.464345097384568
"1449",1.04512887693244,-0.774986417334273
"1450",1.07169218250263,0.707976740789822
"1451",0.828515564818742,0.389476663487531
"1452",-0.841367910845217,0.394110013013583
"1453",0.850120800911777,0.47843381358099
"1454",0.320640399654372,0.689750724318035
"1455",0.758272570560679,0.717820224053124
"1456",0.558445418282397,-0.871417285719231
"1457",0.928123055030055,-0.714755104215914
"1458",0.683722544169392,0.839271426023467
"1459",1.04011604885139,0.746483527035521
"1460",0.924321566342893,0.958614083322144
"1461",0.968070015408207,-0.756518356431614
"1462",0.790802907436235,0.723253618894414
"1463",-0.721395637384867,0.368677317105231
"1464",0.425091266410767,1.06779108328875
"1465",1.00672995598815,-1.38908471937137
"1466",0.98803560440228,-1.0873236448461
"1467",0.841283124436927,0.75310657945916
"1468",-0.683764990213914,0.872406291095524
"1469",-0.585097907238246,1.30062467671331
"1470",0.750593637730553,0.615651501942005
"1471",0.994455250485268,0.715542745992226
"1472",0.737652003162667,0.542851369192445
"1473",0.351414427651569,0.928612141131982
"1474",0.857840430741715,-0.784924917567025
"1475",0.803333198106608,0.607629282442091
"1476",0.570199313252107,-0.772254888469385
"1477",0.951652360544236,-0.255180946628942
"1478",0.771597176428027,0.673553419513944
"1479",0.316801580548206,-0.689011362455069
"1480",0.597317290839798,-1.19205646060935
"1481",0.53915280112002,-1.07631427037392
"1482",0.691330397137951,0.891163155708425
"1483",0.832827954819894,0.611892754349543
"1484",0.635855214262911,-0.978443229767923
"1485",-1.10907025312827,0.994852424411006
"1486",-0.79998827058543,0.93073028855005
"1487",1.03758067433946,-0.784171709281487
"1488",1.02623264882234,0.724320132871085
"1489",0.920306310050514,0.567515017344769
"1490",0.704319268457821,0.57248817831783
"1491",-0.851612067393721,0.873467223055383
"1492",-0.56383409155927,1.06453768511
"1493",0.343684265669514,0.640905617037032
"1494",0.525174029511111,-0.446020805629747
"1495",0.714595730662397,-0.903247624031855
"1496",0.900672811119071,0.447851017037547
"1497",-0.680873725981693,0.69836406117504
"1498",-0.537970403894542,0.438292629253522
"1499",1.00566102245939,0.9681167711374
"1500",-1.11874977947499,1.05980773102765
"1501",1.06142344960816,0.756798677517354
"1502",0.856713637635564,0.797311712984313
"1503",-0.642551072838659,0.74590064984908
"1504",1.18641165673872,0.964999728882963
"1505",0.930634223987256,1.39142094232672
"1506",0.633006916078889,-0.720889218951151
"1507",0.638764810400087,0.872815809589117
"1508",0.893902199788062,0.759098557350108
"1509",0.850267826318155,0.708117647057645
"1510",0.460667014916498,0.430997795237057
"1511",-1.01072642707715,0.948323568671914
"1512",-0.690095799401118,0.957458429469604
"1513",0.455661565178055,-0.966768487774264
"1514",1.01804561744437,0.457724820440332
"1515",0.851177614789943,-0.969115021276491
"1516",1.0176259299557,1.079397706774
"1517",-0.546119824342858,0.38067192535311
"1518",0.634878458382689,-1.00050102700321
"1519",1.0987051473644,0.888194192090129
"1520",0.626085875682637,-0.723547722425436
"1521",0.967100610797935,0.933330505667519
"1522",-0.753815649941813,0.42976123358753
"1523",0.738653059100277,0.89372370566695
"1524",0.787600489453942,1.05915743752532
"1525",-0.516735659163107,1.09950125298588
"1526",0.634420898514459,-0.767373643562084
"1527",0.728085649149158,0.82594262609812
"1528",0.92310549228735,-0.760059579385022
"1529",0.635072211740557,-0.547489275701325
"1530",0.206076608781461,0.746087599035807
"1531",0.467660157717577,0.744131653381067
"1532",0.719252136598172,0.810289293593885
"1533",-0.981765393712727,0.992669675143113
"1534",0.513583841417551,0.593966516814192
"1535",0.862922824795794,-0.693885471110126
"1536",1.02929189907268,0.984870320131966
"1537",-0.773565767487438,0.897729308932299
"1538",0.803697770097275,0.506764678123973
"1539",0.701779855740232,0.554418550219986
"1540",1.03956577142605,-0.794969075317579
"1541",1.14905832388604,-0.484678844787147
"1542",-0.845095782206675,0.718392926886139
"1543",0.75749596237888,0.722024206097911
"1544",0.698999468361772,0.580800534091878
"1545",-0.520837140292672,0.65652528045743
"1546",-0.486995585794003,0.741920206863328
"1547",-0.92144873341268,0.602023036686241
"1548",1.13805871459127,-0.73581185287603
"1549",0.580751982864113,0.52824726234721
"1550",-0.991433340806307,0.706619573366212
"1551",0.498575642817577,-0.68300751695211
"1552",0.90689819790779,-0.705325350508666
"1553",0.942879526204294,0.866874878442002
"1554",0.755076339471674,0.980457486674281
"1555",0.816630069087836,-0.541885216335442
"1556",0.813153500701717,-0.639791183633379
"1557",-0.931897625157401,0.923187838008057
"1558",0.520075965158111,0.904326112115913
"1559",0.851877098499975,-0.89041152415031
"1560",0.7307151631441,-1.08726948320263
"1561",1.06152121681991,0.94389152453287
"1562",0.70446258249525,-0.64440863441765
"1563",0.494435283018397,0.972822558364419
"1564",-1.12328621348597,1.45728379481207
"1565",0.610147432408006,-0.605314478532891
"1566",1.37178509248921,-0.373221732175787
"1567",-0.629449375369404,0.4005708938007
"1568",1.13488438048655,-1.22504635611936
"1569",0.852186079998551,-0.432683528942019
"1570",-1.0760679493761,0.739213768478422
"1571",0.635308808248783,-0.851653641838364
"1572",-0.635612987609161,1.0409524595934
"1573",-1.08495356789792,0.675981040126207
"1574",0.950784240408767,0.652412756058182
"1575",0.872397421642905,-0.711124625582877
"1576",0.859257896684095,-0.788857987759292
"1577",1.02805087881338,-0.610975265638215
"1578",0.340071785636413,1.42580326667219
"1579",-0.963329288973834,1.12671430017887
"1580",0.83125094822983,-1.02025615627851
"1581",0.927615713053662,1.05234593814287
"1582",0.862864702472603,-0.980716583121207
"1583",-0.739628077888469,0.743979755334885
"1584",0.842330226261417,0.96866829967513
"1585",0.874073749501462,0.708309189493326
"1586",0.590687005429983,0.900222304742057
"1587",0.77183657663916,1.19726931284653
"1588",0.732875092784909,0.950297472934352
"1589",0.700670783630863,0.471788149476955
"1590",-0.935301236526262,0.660339313522512
"1591",0.848394237433358,0.97106022895286
"1592",1.05285004820327,-1.00159659158295
"1593",-0.179809903480374,0.886967629813787
"1594",0.868330435649714,0.960144969063076
"1595",0.644475764859854,-1.20199304620959
"1596",0.736455144379297,-0.983460333088829
"1597",0.636471760536908,0.631594207624667
"1598",0.795667469447043,0.334995077821962
"1599",-0.90969293949746,0.84751059766864
"1600",0.611779724339354,-1.25357878267969
"1601",0.838202666493286,0.812526344629041
"1602",0.27934471420723,-0.732059182597155
"1603",0.712335462480269,1.03584881274364
"1604",0.769640369251473,0.558256639516392
"1605",0.890930926065525,0.777010801339934
"1606",1.01840166271634,0.462157141630333
"1607",0.496180743686963,0.990586961750402
"1608",-0.995960813589717,0.831073992228719
"1609",0.69678886011576,0.648126390957097
"1610",0.492484288179947,0.749033927301501
"1611",0.565130639535466,0.756569405942397
"1612",1.15922171169588,-0.503892909625353
"1613",-0.79114926943924,0.797091270481019
"1614",0.877128043815326,-0.795735272774056
"1615",0.811754509674048,1.06565881191045
"1616",0.469417666855109,0.762802865938747
"1617",-0.636656238394814,1.00792621638315
"1618",-0.955446603230264,0.383025511999028
"1619",1.03173569081065,-0.534743037720615
"1620",-0.578446953476153,0.916598136639515
"1621",-1.4218222355569,0.777330811205198
"1622",0.584143640681329,0.742106303929998
"1623",-0.673040806814416,0.449658127116695
"1624",0.776690558345802,-0.730750604790021
"1625",-0.967295299770148,0.558354677573431
"1626",0.736791237049634,-0.887610359601152
"1627",0.589626917329813,0.831080820406915
"1628",0.414530293987112,-1.1732658025733
"1629",-1.15630799691698,0.677135224999818
"1630",0.682994531454014,-1.2644377432009
"1631",0.490974500316685,0.840593362737899
"1632",0.857766698087697,-1.16628661938688
"1633",0.794614133882704,0.758871553904449
"1634",0.436446511679436,-0.438909602286797
"1635",0.560301894681205,-0.961214290745396
"1636",1.01950261170441,0.531970807853472
"1637",0.71597635057877,-0.722226728384799
"1638",0.833044707388454,-0.550635372726789
"1639",0.529918597406581,-0.951241088461694
"1640",-0.861380010825062,0.464661952241784
"1641",0.445341414026622,0.893652474113406
"1642",-1.16394182161708,0.883026588498313
"1643",0.678295091820496,0.567322824844189
"1644",0.822503911918619,-0.957261495632827
"1645",0.471163100645525,0.761608369904163
"1646",0.842501978907694,0.802933138302056
"1647",0.651836003219039,-0.848851404452144
"1648",1.25152046047296,0.39797290756443
"1649",0.980961078573914,0.738235534307772
"1650",0.938187162090061,-0.807626123686119
"1651",0.79840373055868,-0.572280893052208
"1652",1.11791711126005,-1.0979241869343
"1653",0.588238135209532,0.884289470982493
"1654",0.765436909815282,-0.750363394781945
"1655",0.731488426813265,0.85558737205368
"1656",0.572619411414772,-0.929387834896565
"1657",-0.550498539267383,0.708693164930054
"1658",0.947314238344903,0.924621796909007
"1659",0.872236505244546,0.652934911843573
"1660",0.940230097883693,0.560826365152063
"1661",0.877697955191053,-0.792901964289604
"1662",0.644114746654957,-0.994812216975621
"1663",0.770856108486744,0.616680271763186
"1664",0.777717463728609,0.696006802452983
"1665",0.750985139003567,-0.688480217229643
"1666",-0.950683343644468,0.6996661541058
"1667",1.04851804995137,0.807683361817926
"1668",0.633547325179349,0.931319284687537
"1669",0.911423131766405,1.09622988081475
"1670",0.467775475477001,-0.615825764251162
"1671",0.427423430172897,-0.884902743960241
"1672",-0.658377824006637,1.2152037603158
"1673",0.678971489622121,0.883069435494467
"1674",0.466742462810502,-0.847912697919679
"1675",0.812339507333417,-0.639387795384411
"1676",-0.649114011338277,0.703777433514181
"1677",0.715806225843446,0.838185484440598
"1678",0.686934695324494,-0.704973196138439
"1679",0.919384606481648,-0.730578003520483
"1680",0.942174650111673,-0.545404355418931
"1681",0.798421255225046,-1.2404078475976
"1682",1.10660489697735,-0.705884917971149
"1683",0.505096592909898,0.626618633509546
"1684",0.72379176684776,-0.960695050290975
"1685",0.684814779907639,-1.05333211295963
"1686",0.624666521398366,-1.10932098691629
"1687",0.462920022628128,-0.767436622582137
"1688",0.718197003203933,-0.945933944224274
"1689",0.780545776116613,0.792605915128088
"1690",0.894955116629694,0.747045795815103
"1691",0.5359081918971,0.492572192429958
"1692",0.990592190807252,-0.734996271275416
"1693",1.1168355800996,0.937308395925828
"1694",-0.933049946650647,1.07337277810153
"1695",0.909015352578785,-1.04411137670732
"1696",1.01381636027611,0.87314938390465
"1697",0.910112404992962,0.941087296393639
"1698",0.730172705957575,0.666764902438221
"1699",0.527903309804946,0.970581014660422
"1700",0.739478649634017,0.703116455273663
"1701",0.86759791833034,0.726365636964803
"1702",0.462783978058078,-0.916596742220361
"1703",1.41236881151733,0.871707867017121
"1704",0.568762936765534,-0.924680505009056
"1705",0.879891032676878,-0.747441853932321
"1706",0.57117821693877,-0.704290423074977
"1707",0.780266537266457,0.677329585497942
"1708",1.01748244408416,0.828912300360206
"1709",0.351275419322167,0.823306022760923
"1710",0.586582867676809,0.100169486755994
"1711",0.364783608234505,0.530715875818237
"1712",-1.08233150355627,0.936929311837006
"1713",0.975481347627029,-1.0992477485658
"1714",1.21554771777652,-0.550350436138546
"1715",0.644248218528724,0.653091040123965
"1716",-0.767117283071771,0.80776481724188
"1717",0.568430224972145,0.596405666542483
"1718",0.866576227311628,-0.948714450588243
"1719",0.674207653963165,-0.651903019506398
"1720",0.833363608074802,-0.774011767354403
"1721",-0.76281795294503,0.583167238090175
"1722",0.820496142598114,0.807581707606726
"1723",0.619362265582318,0.710735301159633
"1724",0.428358193657655,0.706600263294619
"1725",1.01106417872139,0.810755534167825
"1726",0.651158273560703,0.840012852605831
"1727",0.826024670205137,0.732942429332485
"1728",0.830149494288184,0.655508606885761
"1729",0.563258935060796,-1.00056315479262
"1730",0.675970100474942,0.926921788765506
"1731",-0.985947671678561,0.770850869215262
"1732",-0.949952472494207,0.685740582685842
"1733",-0.73004406666272,0.979038416694226
"1734",0.412639987247312,0.827195324876448
"1735",-0.483795936818823,0.881157770578929
"1736",-0.82745819591863,0.697688137609007
"1737",0.662633056997036,-0.86732118892522
"1738",0.824547261916332,-0.700624138592709
"1739",-0.83427609909424,0.927609010921946
"1740",0.253761222367605,0.633634654111906
"1741",1.19535985281708,-0.95110810077331
"1742",-0.732871498026794,0.820354541314809
"1743",-0.876324481397944,0.747019990195874
"1744",-0.849462508553433,0.870342820337481
"1745",0.91531843915854,-0.715226957806215
"1746",0.638215215394991,0.836698896027423
"1747",0.924406827564954,-0.739452872300279
"1748",1.17239992789586,0.734077696529339
"1749",-1.01922839886728,0.685018095585088
"1750",0.731902074974927,0.753891370499784
"1751",-0.595163454279438,0.795253774482482
"1752",0.773729187195042,0.585021387827861
"1753",-0.931281529552368,0.903729743471303
"1754",0.820371958806798,0.676712748548701
"1755",-0.996155899688539,0.68008331746561
"1756",0.816226309784757,0.805255801256683
"1757",-0.656585239565737,0.683953217557059
"1758",0.55245485327564,0.601302283910829
"1759",0.737815729900312,-0.529973492683272
"1760",0.769259835170816,1.0412734283005
"1761",1.08052780251971,0.606049224283241
"1762",-0.914781426653684,0.872888887544488
"1763",-0.413662249279215,0.759609308758303
"1764",0.843863598051608,0.956065103217204
"1765",0.550325843617807,0.551958768226871
"1766",0.845887672012074,-0.809386539949498
"1767",1.08300502300522,0.886489452337397
"1768",0.965653026697135,0.341188629324268
"1769",0.52617624035065,0.486061963746641
"1770",-0.707913199940542,0.874590945666005
"1771",-0.581054110670683,0.810244916460135
"1772",1.05873901299528,0.924723697427368
"1773",1.06697030192014,0.583056338417534
"1774",0.835874356619541,-0.882139607058886
"1775",-0.526018081095495,1.03556195941901
"1776",0.551592741657556,1.01193315830412
"1777",1.00912758670778,-1.02617366354713
"1778",-1.03535216624699,1.15103218915348
"1779",0.699526664245178,0.89241699519934
"1780",-0.798281363892598,0.912458443023429
"1781",-0.857397085922523,1.14868354031792
"1782",0.803305892153088,0.789483601674416
"1783",0.795931901782905,0.762243834106775
"1784",-0.543432936593129,1.20216024686524
"1785",-0.803927802499318,0.636318903849365
"1786",0.872133291210244,0.974963355107419
"1787",0.92104910193132,1.01859678439469
"1788",0.986373159578653,-0.679485120724482
"1789",0.979180480824458,-0.549676887145241
"1790",0.670008633208783,-0.550195742304232
"1791",0.533559949768252,0.632782639828081
"1792",-0.707898975140601,0.7920631794329
"1793",-0.76157691030659,0.712970717990621
"1794",0.704689474325,0.483154338960297
"1795",0.927004755870787,0.696767653390585
"1796",0.293855712288091,0.900161339786648
"1797",0.793981415843064,-0.902150149411166
"1798",0.803804493458696,0.567104998087033
"1799",0.390667541849242,0.780139081239921
"1800",-0.92974420126226,0.350631081178014
"1801",1.22815171282467,0.978665611116291
"1802",-0.840616620937215,1.00983312113059
"1803",-0.791156228387865,0.82538434218579
"1804",-0.949818523748346,0.833588233688961
"1805",0.616554117571886,-0.93406434945625
"1806",1.07772374717832,-1.16810101673879
"1807",0.817833054412069,0.886195028174351
"1808",1.03394323751001,0.705799794129325
"1809",0.819192964668809,0.765918424392758
"1810",1.21702438220045,0.922746868695228
"1811",1.06955949994221,0.930547795130486
"1812",0.710267936377279,0.575656368560911
"1813",-0.702104085668821,1.16540903353062
"1814",0.583601967956127,0.680653542802752
"1815",0.993056713835948,-0.554724925464676
"1816",0.645129105649597,-1.00754284321138
"1817",0.494586655082236,0.778577339626119
"1818",-0.466955046723507,0.680494387351162
"1819",0.648264173974328,-1.0888990694948
"1820",-1.18592346898031,0.860240025203552
"1821",-0.903919436616875,1.13426527880189
"1822",0.826750594512471,0.75799927478594
"1823",0.552611268249432,0.704871187485773
"1824",0.877834528981863,0.661136280122281
"1825",0.849343650169942,-0.752916857807663
"1826",1.03880722479909,0.973775164269638
"1827",0.449017707004092,0.720459813049274
"1828",-1.00631684343282,0.512537794776163
"1829",1.09297553189302,-0.839304025158428
"1830",0.90436523286741,-0.755605161206694
"1831",0.842655826983999,-0.716595751750691
"1832",1.1249521912794,0.886851136422429
"1833",0.674167231905575,1.08063085401175
"1834",0.341542360349448,-0.979636449665479
"1835",0.775866887942044,1.10798263584874
"1836",0.72887903179832,-0.620778482945731
"1837",-0.595861513601799,0.949759547079332
"1838",-0.78149538786757,0.887703617938648
"1839",0.850330901216371,0.546306436421395
"1840",0.815926962799506,-1.14954861007869
"1841",-1.12811132259426,0.755960544791064
"1842",-0.762753914083957,0.868859698993741
"1843",0.880722192071431,0.840425892042737
"1844",1.18985429125976,1.01703141798461
"1845",0.927251490832655,0.550541113534273
"1846",0.906179790446547,-0.812326293003442
"1847",0.782896518659925,-0.846740278018348
"1848",0.492197953715115,-0.615596322996424
"1849",1.01373699609553,0.859367112544855
"1850",0.485121693507874,0.649066403862114
"1851",0.573605950259982,0.777782650182809
"1852",-0.641222795165335,0.652195326711772
"1853",0.610823356081505,0.816284713485662
"1854",0.536110447235683,-0.683977714239851
"1855",0.938168383915118,0.671024602926069
"1856",0.667638125151195,-1.08616983540073
"1857",-0.844197159308792,0.858574646006139
"1858",-0.989162061752076,0.243230336123214
"1859",0.440274262334746,0.471167532123787
"1860",1.11248798241931,-0.813932532127988
"1861",1.02301401787065,1.02300347867746
"1862",0.944692106712511,0.56254839802004
"1863",0.746597315917686,-0.98483053571706
"1864",-0.790675880090196,0.79868091714067
"1865",0.596324218970947,0.913681420926838
"1866",0.69707290191891,0.659360787667863
"1867",1.22398533329277,-1.24561996490715
"1868",0.519095883890844,0.923012049809399
"1869",-1.07086838811026,0.99142032179979
"1870",0.937945945757466,-1.19450349183986
"1871",0.53653954922002,0.896611316965032
"1872",0.980735367315195,0.957120293468416
"1873",1.04404716350181,-1.05309147235555
"1874",0.621398287491561,-0.749512509892707
"1875",1.09910630596433,-0.434510287549636
"1876",-0.739524923293485,0.841347837213173
"1877",0.554809991270669,-0.755088402903923
"1878",1.15250789195001,-0.421854010331663
"1879",-0.843547525290228,0.765399376767302
"1880",0.50666029247925,0.806475177619434
"1881",0.8047559996098,0.51723043812566
"1882",1.0308438163116,0.831508669144698
"1883",-1.20183898458574,1.35999622944418
"1884",0.745390757420763,-0.557820373626671
"1885",0.794974536956682,0.383135635563474
"1886",1.06635645839415,0.838464754505644
"1887",-0.916376580635277,0.541670664750903
"1888",0.923255623568085,1.17296650077287
"1889",0.987612607629194,0.871675635115285
"1890",0.570341104065109,-0.856629621607881
"1891",0.828039587589821,0.594302705736278
"1892",0.702839233393073,0.402856096048393
"1893",0.759079970598849,0.673558903710093
"1894",0.831050438056656,0.782569524586444
"1895",0.511069330466625,0.904628105826156
"1896",0.306236909658459,0.745851120991266
"1897",0.365679826691091,0.677108258361364
"1898",-0.740039876567277,0.877478892274658
"1899",0.558211345219618,-0.68116818550978
"1900",-0.804858490670853,0.849131062666876
"1901",1.0127656199654,0.983130158413425
"1902",0.978954550383262,0.924685561389492
"1903",0.887846735021904,0.848255423223036
"1904",0.754537475543867,-0.609764583922549
"1905",1.22724531578874,1.07240090106009
"1906",0.959076147241676,-0.668952980294668
"1907",0.706394831972603,-0.692035523730912
"1908",1.21491491763204,-0.497462215624374
"1909",-0.699780689203636,1.11058545455577
"1910",0.77287212975201,-0.803386521590068
"1911",0.993248393741417,0.768229596842083
"1912",0.663370767676269,1.0053273651341
"1913",-0.702464000689723,1.07919888127313
"1914",0.803582519513256,-0.760167851861124
"1915",1.17588538760342,-0.808608797524339
"1916",0.541319824419859,-0.68856532679963
"1917",0.590366417630215,-0.395132336551555
"1918",0.885010042177077,0.399334102375016
"1919",0.796804068821643,0.653716762719917
"1920",0.847852471446233,0.694786420285593
"1921",1.1710139906959,-0.766281272330693
"1922",0.700348744444047,-0.981714918039492
"1923",0.861639651889421,-0.633261462507235
"1924",1.25262764256366,0.519568833718815
"1925",-1.08131595609293,1.19553951638812
"1926",0.783706285603331,-0.751659217107693
"1927",0.657676738431381,0.855134590918296
"1928",0.865646187571494,-0.679455762686634
"1929",-1.37063320630998,0.856048556087975
"1930",1.40096303116886,1.01524244676646
"1931",0.768141821917945,0.777234003028248
"1932",0.634064525653692,0.951296661708071
"1933",1.0579305949076,-0.74880525323581
"1934",-1.12555392313332,0.474529390198617
"1935",0.590228997533726,-1.20210944551963
"1936",0.895057638540858,0.733042882412404
"1937",-0.442874348019996,0.815586466953966
"1938",0.820385840539084,0.682398007818927
"1939",0.680982198635293,0.709074932407722
"1940",0.998674823280591,-0.651199331685191
"1941",0.761837117332282,0.705617629397188
"1942",-0.96032738676353,0.592835083526211
"1943",-0.654368798140026,0.549534779476
"1944",0.835879913490591,0.504899824820885
"1945",1.31453043783646,-1.008393729923
"1946",0.4696615511726,0.481957892978557
"1947",0.975201614755912,-0.791632066820009
"1948",0.514750470546251,0.684736235217313
"1949",-0.98288676301278,0.66038096387735
"1950",0.963151327880474,1.05555573610817
"1951",0.593390002394279,0.681266322389612
"1952",-0.492873486608895,0.809308918886161
"1953",0.962425735615655,-0.722499090117618
"1954",0.819930790949536,0.478991622780259
"1955",-0.489278064257836,0.343665378555745
"1956",1.29395214016145,0.866439662462894
"1957",0.446261438425265,0.954958032078217
"1958",0.698843903171898,0.590551080763473
"1959",0.818633305598757,1.09947459732661
"1960",0.369895571258522,1.06331974061076
"1961",0.999803373429107,-0.845652398927925
"1962",0.584568176557106,-0.886033011116926
"1963",1.17978970634193,0.759739026485007
"1964",0.838326987034535,0.804987842452717
"1965",0.734723985372296,0.99549784810046
"1966",1.01763265550286,-0.857756706991883
"1967",0.945792084369088,-0.767572571021898
"1968",-0.532816081235678,0.682219633050141
"1969",0.21311451194252,0.602440205619539
"1970",0.644382092906577,0.690869747029405
"1971",-0.807538991386242,0.945123121567686
"1972",0.957141421673186,0.681402792919437
"1973",-0.488021494802589,0.986226509312097
"1974",-0.836854733718821,0.856666931408684
"1975",-1.26836697782593,0.622521310169804
"1976",-0.814641966422652,1.01307305819255
"1977",0.96295611126654,0.849330883652075
"1978",-1.02524120036485,0.45929363062981
"1979",-0.327399172437937,1.06592512489525
"1980",0.935812035628009,0.624165821852943
"1981",-1.03183369231644,0.23138861521072
"1982",0.774013436407145,-1.0612666683322
"1983",0.816711676225633,-1.07195088301644
"1984",-0.82362709001317,0.711997632403422
"1985",0.463975269454333,0.651969264054972
"1986",0.821250068849435,1.08879331294559
"1987",0.502640791278781,0.380832077698784
"1988",0.928898773318516,0.687889387532497
"1989",-0.810717952863605,1.01012755102709
"1990",-0.828172483695342,0.885779155077095
"1991",0.578006421358137,-0.687863001351225
"1992",1.01836170744689,1.15281066301216
"1993",0.684110918352625,-0.852272358412424
"1994",-1.13288563679713,0.541768935588115
"1995",0.879532899224066,0.718296301879187
"1996",1.07947245598474,1.11744106462855
"1997",0.973846857368356,-0.644974275545322
"1998",0.898789161180001,-0.739836638739399
"1999",0.566278618369082,-0.785995728684354
"2000",0.642975349270935,1.03628039480621
